;Test true y;Pred
0;1266.031562;1270.6975
1;1251.2;1256.3423
2;1427.88;1436.5089
3;1369.423066;1366.3608
4;1440.66;1436.0614
5;1190.57;1192.5879
6;1440.27;1436.3491
7;1365.411429;1362.1736
8;1497.15;1510.192
9;1473.05;1474.0435
10;1358.24;1348.0876
11;1335.3;1345.8479
12;1325.1;1332.0791
13;1288.19;1291.9585
14;1178.9;1182.3514
15;1368.99;1363.3794
16;1187.1;1186.4661
17;1456.98;1469.0775
18;1270.96;1264.2947
19;1428.6;1432.0037
20;1261.24;1249.938
21;1493.32;1504.4773
22;1395.31;1397.8987
23;1184.82;1184.712
24;1040.2;1036.8506
25;1451.21;1455.6375
26;1556.11;1560.363
27;1212.44;1214.2656
28;1494.22;1501.3925
29;1413.71;1417.9788
30;1366.0;1359.7874
31;1479.27;1489.0225
32;1369.64;1373.1357
33;1183.26;1182.2085
34;1417.31;1409.7773
35;1279.9;1305.9442
36;1397.17;1398.2295
37;1306.2;1330.0189
38;1366.52;1360.3076
39;1287.5;1286.4614
40;1405.43;1399.9177
41;1427.94;1455.9639
42;1460.889055;1457.7306
43;1485.58;1491.6876
44;1395.96;1419.5342
45;1284.8;1290.783
46;1403.02;1400.2856
47;1428.6;1433.9889
48;1547.75;1549.6555
49;1218.54;1219.009
50;1344.413593;1344.4238
51;1433.46;1417.0704
52;1404.78;1432.1024
53;1426.11;1429.4009
54;1351.21;1352.7596
55;1259.9;1261.634
56;1279.0;1277.8418
57;1416.4;1420.4666
58;1432.84;1461.0781
59;1413.83;1442.283
60;1433.0;1440.3207
61;1423.88;1427.4541
62;1432.96;1437.7476
63;1568.35;1580.0332
64;987.51;985.4522
65;1236.39;1230.36
66;1534.72;1536.0974
67;1210.52;1211.3086
68;1396.9;1424.4084
69;1183.97;1183.9998
70;1197.2;1190.1385
71;1415.45;1442.1196
72;1098.47;1096.9584
73;1206.7;1206.3298
74;1253.85;1256.0338
75;1553.12;1562.8911
76;1381.45;1406.49
77;1420.92;1419.9294
78;1387.14;1381.0083
79;1283.543366;1282.4922
80;1451.88;1448.6877
81;1185.11;1183.987
82;1366.91;1365.5825
83;1404.45;1431.5415
84;1441.51;1436.7646
85;1437.56;1443.2048
86;1176.2;1174.5784
87;1039.98;1035.6809
88;1331.42;1333.3542
89;1350.58;1349.2891
90;1579.54;1584.1726
91;1470.41;1486.6455
92;1054.55;1050.719
93;1234.18;1228.8242
94;1428.06;1429.7462
95;1407.83;1411.4001
96;1178.93;1177.1759
97;1382.89;1398.6377
98;1425.87;1420.1233
99;1320.9;1324.4075
100;1550.35;1557.9044
101;1205.26;1203.8538
102;1574.33;1578.5095
103;1415.87;1425.6858
104;1371.66;1368.5371
105;1288.0;1308.1846
106;1209.67;1208.3815
107;1047.3;1044.1392
108;1180.0;1182.4629
109;1237.19;1239.0862
110;1017.2;1013.1422
111;1252.65;1238.4683
112;1513.46;1521.1592
113;1525.45;1530.7933
114;1043.92;1042.1926
115;1419.07;1423.0232
116;1434.31;1463.4014
117;1387.52;1387.3862
118;1395.01;1408.5178
119;1210.42;1208.3483
120;1270.06;1263.5443
121;1553.89;1556.3176
122;1193.55;1193.0859
123;1276.48;1259.1594
124;1190.68;1182.6139
125;1388.96;1407.5626
126;1410.01;1437.2397
127;1354.06;1352.0759
128;1443.46;1426.0271
129;1363.53;1357.0634
130;1479.63;1487.1038
131;1308.24;1307.1733
132;1566.67;1565.1581
133;1381.17;1396.2594
134;1237.011602;1244.5974
135;1515.1;1526.8201
136;1328.0;1342.9181
137;1447.19;1458.6287
138;1199.04;1196.0828
139;1197.38;1197.2782
140;1224.9;1223.933
141;1302.57;1301.4312
142;1322.74;1325.0823
143;1260.8;1259.3618
144;1182.29;1182.2126
145;1296.92;1302.4773
146;1187.07;1187.5703
147;1174.91;1172.7869
148;990.4;987.65796
149;1337.39;1339.3286
150;1218.66;1221.732
151;1216.66;1218.7065
152;1421.26;1450.2476
153;1234.18;1237.0676
154;1380.594342;1388.4043
155;1293.1;1292.2197
156;1213.55;1212.0339
157;1248.9;1252.0126
158;1221.7;1225.8735
159;1190.16;1188.9039
160;1436.81;1437.9568
161;1192.16;1194.9263
162;1374.42;1371.522
163;1584.64;1601.1902
164;1344.45;1350.0332
165;1438.8;1435.1558
166;1430.98;1443.3296
167;1173.23;1171.0105
168;1413.69;1406.5077
169;1392.56;1387.7728
170;1070.25;1065.748
171;1360.73;1365.1166
172;1064.6;1052.3684
173;1445.16;1445.4254
174;1491.35;1501.0046
175;1409.9;1411.6864
176;1327.089894;1328.5103
177;1489.57;1500.3433
178;1051.5;1049.3152
179;1273.17;1267.9902
180;1466.83;1478.7588
181;1252.1;1250.1946
182;1423.79;1425.4905
183;1165.2;1168.6278
184;1447.05;1443.6459
185;1559.41;1570.5073
186;1249.96;1252.832
187;1211.91;1206.1417
188;1284.8;1283.917
189;1215.24;1218.7739
190;1207.62;1205.292
191;1443.56;1472.939
192;1525.63;1528.5869
193;1259.7;1266.4778
194;1449.79;1440.3403
195;1303.59;1299.954
196;1455.51;1461.7192
197;1043.7;1040.294
198;1372.876639;1379.5005
199;1038.0;1033.9648
200;1451.92;1450.4496
201;1061.2;1059.4967
202;1301.66;1305.4014
203;1398.75;1399.1749
204;1382.55;1387.0852
205;1285.076988;1282.2484
206;1304.2;1297.6985
207;1437.81;1441.7526
208;1311.1;1310.9626
209;1475.13;1483.5837
210;1347.1;1347.9812
211;1468.79;1473.435
212;1399.43;1393.2207
213;1222.0;1223.5829
214;1327.422263;1325.0349
215;1459.6;1455.6549
216;1181.05;1178.3488
217;1534.9;1539.7998
218;1290.27;1286.1147
219;1427.02;1430.5375
220;1421.04;1427.4554
221;1069.2;1068.9766
222;1297.9;1303.9939
223;1295.4;1301.4395
224;1271.4;1269.9783
225;1364.57;1363.0726
226;1483.63;1489.8843
227;1447.84;1450.3978
228;1273.3;1279.545
229;1359.54;1356.5078
230;1128.24;1114.2734
231;1431.76;1415.5657
232;1065.67;1063.8264
233;1181.33;1180.3977
234;1354.38;1353.6172
235;1063.6;1062.9954
236;1224.41;1222.8406
237;1273.21;1269.8759
238;1280.12;1285.8738
239;1293.88;1292.1392
240;1380.81;1375.0476
241;1060.16;1056.8711
242;1287.22;1285.437
243;1029.0;1024.7267
244;1290.8;1309.2504
245;1181.35;1184.6741
246;1410.82;1438.5933
247;1252.2;1251.5284
248;1422.94;1449.7683
249;1461.19;1455.7925
250;1203.38;1201.9373
251;1015.1;1011.2262
252;1245.52;1249.8362
253;1292.7;1313.8125
254;1151.6;1154.6228
255;1413.97;1400.3733
256;1219.54;1221.6052
257;1386.93;1402.8601
258;1329.1812;1327.1337
259;1102.1;1100.0305
260;1006.09;1001.9261
261;1066.7;1065.4662
262;1090.59;1088.2524
263;1073.52;1069.3483
264;1271.556885;1269.8352
265;1210.8;1210.4053
266;1435.12;1438.2974
267;1248.0;1253.4285
268;1342.464075;1343.0752
269;1431.98;1438.4675
270;1213.84;1211.6667
271;1410.59;1414.8644
272;1374.95;1372.3333
273;1390.553607;1402.1533
274;1262.72;1264.7875
275;1302.382878;1305.437
276;1196.29;1194.3235
277;1471.59;1469.0647
278;1227.38;1222.5856
279;1498.3;1507.7656
280;1085.08;1082.1179
281;1195.2;1196.1841
282;1077.08;1072.9421
283;1427.22;1430.2317
284;1285.7;1291.6746
285;1076.74;1072.371
286;1323.16;1317.1832
287;1266.8;1265.311
288;1306.830199;1303.8188
289;1523.45;1524.8394
290;1186.79;1185.712
291;1073.48;1068.6055
292;1462.47;1466.7704
293;1407.89;1413.5901
294;1210.24;1212.3064
295;1224.21;1222.8384
296;1216.95;1215.9849
297;1298.28;1292.4055
298;1421.01;1431.034
299;1260.4;1264.8696
300;1333.714748;1332.4246
301;1265.0;1267.7532
302;1433.7;1430.0264
303;1299.560593;1297.6322
304;1345.2;1348.666
305;1366.14;1353.046
306;1257.3;1259.0737
307;1051.3;1047.8014
308;1371.69;1377.585
309;1025.7;1021.7708
310;1311.637722;1312.8286
311;1358.870975;1361.9089
312;1464.26;1461.791
313;1379.05;1395.6508
314;1057.4;1055.4478
315;1421.72;1420.6096
316;1317.9;1311.922
317;1184.75;1185.6606
318;1484.17;1490.3529
319;1251.8;1253.0017
320;1414.3;1441.9506
321;1434.54;1462.4553
322;1453.62;1458.4865
323;1376.78;1394.7742
324;1509.97;1520.1876
325;1204.17;1206.8351
326;1314.974042;1312.1223
327;1558.22;1566.2498
328;1282.0;1288.0216
329;1306.76163;1304.4849
330;1210.63;1205.1831
331;1339.666942;1339.2191
332;1067.4;1066.9995
333;1318.43;1317.094
334;1047.4;1043.9033
335;1184.56;1185.1052
336;1244.905589;1248.2312
337;1194.39;1194.8054
338;1415.03;1418.6777
339;1458.14;1462.1439
340;1443.8;1440.2607
341;1245.39;1242.4758
342;1451.81;1456.3436
343;1406.540711;1404.2584
344;1537.43;1538.0388
345;1433.26;1424.4042
346;1208.48;1209.8306
347;1376.85;1370.8164
348;1191.3;1190.3008
349;1230.9;1235.6023
350;1487.95;1494.2571
351;1408.2;1419.926
352;1252.47;1257.0497
353;1200.11;1198.5005
354;1400.79;1395.4265
355;1445.59;1441.0413
356;1445.86;1449.0524
357;1280.93;1278.5847
358;1450.37;1463.8026
359;1301.51771;1298.1804
360;1152.6;1155.1761
361;1498.46;1504.8073
362;1428.14;1431.1796
363;1217.82;1220.1406
364;1533.79;1540.8591
365;1072.82;1069.7708
366;1077.1;1076.6641
367;1573.95;1587.2039
368;1207.44;1207.0712
369;1357.011216;1354.0015
370;1433.07;1434.883
371;1372.43;1368.9249
372;1436.07;1439.6145
373;1290.0;1292.792
374;1292.43;1289.2695
375;1383.54;1380.8008
376;1483.84;1485.2932
377;1209.87;1209.3313
378;1326.79;1324.7817
379;1520.52;1522.2649
380;1425.23;1420.9421
381;1284.434909;1291.5428
382;1290.32;1289.0638
383;1370.22;1366.6477
384;1458.31;1465.6008
385;1215.82;1218.7659
386;1043.2;1039.4333
387;1426.37;1433.7327
388;1076.57;1063.9048
389;1464.18;1465.5509
390;1354.232311;1353.248
391;1512.51;1526.029
392;1413.07;1417.3202
393;1058.2;1057.2816
394;1063.46;1058.6016
395;1335.42;1328.8923
396;1239.61;1235.3892
397;1041.5;1027.2368
398;1485.68;1493.161
399;1445.64;1447.6638
400;1217.26;1220.7559
401;1380.25;1376.7214
402;1338.187641;1339.1506
403;1560.39;1563.5377
404;1269.67;1266.0215
405;1412.65;1439.9098
406;1332.408292;1332.182
407;1369.9167;1374.5676
408;1471.59;1477.5645
409;1377.974538;1386.4683
410;1331.81;1328.6782
411;1454.88;1465.3064
412;1451.27;1453.4905
413;1445.7;1451.2804
414;1369.16;1372.1265
415;1217.08;1217.5333
416;1436.75;1438.7611
417;1257.604088;1257.4431
418;1460.52;1462.5845
419;1347.99;1346.8312
420;1447.48;1447.7615
421;1235.2;1242.0627
422;1121.82;1105.3937
423;1413.7;1417.0127
424;1472.46;1484.2278
425;1392.45;1410.5583
426;1525.19;1528.865
427;1445.93;1450.6743
428;1213.4;1216.6199
429;1187.58;1189.1101
430;1200.72;1198.1738
431;1271.05;1268.7903
432;1194.61;1195.5276
433;1199.54;1197.1617
434;1213.4;1212.6797
435;1394.33;1394.5231
436;1269.62;1276.3188
437;1244.6;1244.4044
438;1433.96;1424.7161
439;1197.92;1195.647
440;1221.65;1225.5645
441;1419.36;1424.4362
442;1402.62;1430.1783
443;1368.0;1364.8557
444;1206.33;1205.3546
445;1578.59;1581.2236
446;1440.644058;1438.758
447;1051.5;1049.3777
448;1318.4;1346.2872
449;1424.81;1452.3127
450;1110.2;1090.3671
451;1436.86;1437.7129
452;1343.760769;1346.1259
453;1215.99;1214.5007
454;1224.0;1217.3712
455;1267.4;1268.8667
456;1294.050599;1291.1948
457;1202.57;1205.3538
458;1366.892822;1371.548
459;1296.595036;1294.7517
460;1240.9;1239.7214
461;1288.5;1287.4948
462;1059.64;1054.0676
463;1357.96;1353.5474
464;1423.08;1450.883
465;1398.78;1396.2252
466;1304.18153;1301.8347
467;1355.92;1363.3491
468;1425.13;1434.1464
469;1356.51;1354.2339
470;1247.3;1245.1533
471;1201.0;1203.6985
472;1055.5;1053.407
473;1204.32;1208.0825
474;1449.54;1453.0961
475;1366.5;1372.7808
476;1349.64;1346.9766
477;1342.54;1347.8032
478;1516.88;1522.2146
479;1253.6;1252.199
480;1424.0;1426.4568
481;1312.72;1311.1202
482;1231.26;1237.242
483;1387.69;1388.1238
484;1418.427812;1416.4946
485;1464.08;1475.928
486;1388.23;1385.6887
487;1206.2;1207.9026
488;1496.03;1505.416
489;1466.4;1471.1711
490;1417.28;1423.9591
491;1347.54;1353.4513
492;1327.08;1328.231
493;1419.56;1435.1248
494;1396.69;1397.3481
495;1430.99;1434.2009
496;1190.77;1188.9913
497;1337.973997;1337.3887
498;1237.140994;1241.2471
499;1464.31;1459.1946
500;1302.2;1298.9233
501;1259.37;1264.6826
502;1521.27;1524.7892
503;1448.57;1450.4683
504;1367.76;1365.4812
505;1370.45;1367.824
506;1510.91;1515.7019
507;1371.87;1371.1238
508;1303.37;1297.5552
509;1233.76;1235.9673
510;1239.2;1237.8866
511;1357.4;1361.0903
512;1082.73;1079.2344
513;1051.3;1048.3057
514;1441.96;1438.0731
515;1380.915294;1378.04
516;1450.74;1463.3464
517;1258.3;1257.2974
518;1547.27;1550.292
519;1405.67;1432.7778
520;1430.51;1432.6665
521;1226.05;1227.163
522;1417.61;1403.434
523;1421.58;1424.6731
524;1365.3;1365.033
525;1242.84;1244.3813
526;1403.47156;1401.3611
527;1323.3;1336.0208
528;1521.16;1526.5137
529;1541.04;1543.9656
530;1362.6;1362.511
531;1304.86;1304.0897
532;1241.61;1233.6952
533;1330.3;1346.3727
534;1427.181152;1425.5216
535;1513.34;1517.8773
536;1223.48;1226.1426
537;1058.3;1041.5464
538;1470.44;1477.7346
539;1450.8;1455.428
540;1081.16;1078.2095
541;1086.8;1084.7468
542;1309.8;1301.2191
543;1224.5;1228.264
544;1308.89;1303.428
545;1177.65;1176.3845
546;1219.07;1220.4645
547;1299.104081;1295.6423
548;1401.34;1412.8579
549;1261.13;1258.2227
550;1113.26;1096.531
551;1258.04;1254.6395
552;1430.33;1429.3828
553;1051.6;1049.4817
554;1186.28;1185.4098
555;1228.15;1226.4038
556;1240.53;1242.1757
557;1414.02;1415.1344
558;1352.4;1353.821
559;1305.3;1312.1077
560;1214.0;1213.1592
561;1420.63;1423.3118
562;1304.7;1300.4427
563;1294.324113;1298.7952
564;1295.39;1290.9309
565;1407.06;1411.6589
566;1235.05;1242.1432
567;1023.1;1018.86536
568;1209.64;1210.7172
569;1440.4;1441.6909
570;1241.7;1239.9896
571;1266.4;1264.7455
572;1345.5;1346.5547
573;1314.16;1317.9404
574;1207.14;1207.0627
575;1221.03;1223.3677
576;1266.9;1266.4702
577;1263.37;1250.0073
578;1250.96;1245.0894
579;1293.479697;1290.4037
580;1043.2;1026.2706
581;1280.6;1283.3092
582;1420.67;1424.3438
583;1436.13;1431.5339
584;1300.4;1294.8756
585;1446.24;1452.094
586;1188.44;1191.3202
587;1451.34;1454.7339
588;1419.14;1411.4153
589;1412.71;1440.0449
590;1462.07;1473.1655
591;1351.3;1351.9001
592;1453.07;1456.8142
593;1384.96;1399.2466
594;1218.62;1217.551
595;1345.432853;1346.3097
596;1399.762615;1397.1152
597;1367.6;1371.1483
598;1315.03;1307.287
599;1224.07;1228.2708
600;1366.15;1363.6086
601;1411.56;1415.4912
602;1453.01;1443.4836
603;1422.83;1426.6854
604;1454.75;1448.9352
605;1062.6;1060.4673
606;1348.633072;1345.915
607;1394.12;1388.8162
608;1366.03;1359.7881
609;1201.29;1202.8755
610;1273.47;1260.3545
611;1431.24;1434.2368
612;1423.9;1451.6053
613;1358.381454;1360.6746
614;1277.7;1283.1382
615;1316.66;1318.7861
616;1104.78;1102.8715
617;1471.61;1476.4565
618;1502.77;1505.6143
619;1186.69;1186.4943
620;1227.4;1232.7495
621;1396.88;1390.2173
622;1417.59;1446.1875
623;1512.44;1516.8689
624;1206.81;1213.5681
625;1021.3;1017.12103
626;1231.67;1237.8594
627;1180.19;1179.0105
628;1305.7;1313.6299
629;1441.35;1444.5386
630;1045.6;1042.3816
631;1481.63;1481.2341
632;1253.08;1246.3899
633;1401.57;1394.4999
634;1082.2;1082.175
635;1059.4;1057.479
636;1284.69;1280.7527
637;1385.92;1387.6698
638;1470.73;1474.7472
639;1435.07;1431.1555
640;1365.18;1369.2317
641;1465.56;1470.3751
642;1097.2;1094.9965
643;1347.624806;1347.7039
644;1202.08;1204.1086
645;1499.37;1510.22
646;1194.68;1187.8794
647;1445.32;1441.5042
648;1456.51;1453.7
649;1327.45;1324.3286
650;1437.47;1430.3235
651;1296.52;1300.0857
652;1238.21;1232.1865
653;1216.65;1216.5526
654;1230.77;1226.5356
655;1548.84;1551.4115
656;1294.5;1294.0637
657;1332.87;1326.7922
658;1477.52;1482.3801
659;1405.87;1404.8838
660;1358.820713;1360.6809
661;1124.85;1108.8276
662;1421.18;1440.5193
663;1195.37;1197.4238
664;1207.65;1211.3296
665;1353.55;1353.1396
666;1003.7;1000.50037
667;1198.44;1195.7065
668;1561.67;1566.3468
669;1289.08;1288.4452
670;1256.1;1254.4767
671;1368.5;1372.2598
672;1425.98;1425.177
673;1468.67;1479.1234
674;1260.97;1267.7207
675;1263.819975;1262.8064
676;1325.6;1318.7461
677;1380.89;1403.6816
678;1041.22;1035.272
679;1299.8;1299.5989
680;1203.75;1200.4349
681;1431.5;1427.677
682;1418.95;1424.9489
683;1408.43;1435.6615
684;1367.37;1364.4688
685;1362.72;1366.3702
686;1460.14;1474.7131
687;1470.21;1471.3796
688;1205.36;1206.8411
689;1382.69;1407.645
690;1439.13;1445.3462
691;1431.46;1436.1372
692;1422.84;1412.578
693;1060.4;1056.6324
694;1456.59;1453.4089
695;1286.27;1292.3021
696;1275.9;1274.4958
697;1218.5;1216.7106
698;1197.34;1194.3074
699;1461.58;1465.7035
700;1256.69;1249.7399
701;1439.77;1441.7618
702;1359.9;1359.9377
703;1063.12;1057.8477
704;1206.4;1207.7699
705;1470.14;1467.4045
706;1127.24;1116.1383
707;1297.6;1304.0367
708;1216.2;1215.4752
709;1315.8;1317.314
710;1079.75;1075.8384
711;1454.29;1452.9749
712;1215.05;1214.5735
713;1210.43;1212.281
714;1058.9;1056.469
715;1107.27;1094.7021
716;1202.78;1202.7399
717;1453.43;1450.0326
718;1351.935865;1349.1035
719;1170.84;1168.1011
720;1441.48;1452.4896
721;1015.0;1011.1165
722;1419.9;1421.6155
723;1387.68;1391.4617
724;1223.4;1227.3276
725;1362.09;1355.7079
726;1559.82;1562.8953
727;1413.81;1429.75
728;1345.8;1346.841
729;1387.66;1384.8867
730;1205.19;1202.5762
731;1352.88;1346.2681
732;1178.21;1176.7427
733;1503.23;1507.174
734;1396.870617;1414.0447
735;1070.9;1070.937
736;1406.17;1410.9604
737;995.28;992.0176
738;1459.81;1461.947
739;1337.000864;1335.3208
740;1020.8;1016.72687
741;1055.0;1051.9081
742;1282.42;1278.2954
743;1221.541701;1230.3495
744;1501.36;1514.9038
745;1409.62;1404.169
746;1303.0;1302.5009
747;1039.2;1035.1428
748;1288.63;1292.304
749;1291.8;1292.3486
750;1460.6;1459.8413
751;1206.92;1208.3082
752;1356.49;1355.6581
753;1250.6;1249.8962
754;1250.4;1252.1406
755;1261.334326;1264.0703
756;1454.7;1458.9072
757;1316.553467;1316.3158
758;1527.79;1531.0369
759;1448.04;1456.7288
760;1363.31;1348.2224
761;1436.280691;1434.5077
762;1474.75;1484.0618
763;1373.87;1377.3162
764;1237.96;1244.3242
765;1333.89;1326.8276
766;1212.99;1211.5857
767;1485.2;1489.5796
768;1194.59;1190.4022
769;1460.0;1464.8992
770;1456.01;1460.9783
771;1388.61;1388.7499
772;1321.72;1319.4167
773;1274.38;1278.2472
774;1028.3;1024.0645
775;1487.1;1496.4622
776;1180.9;1178.8094
777;1394.45;1387.8541
778;1380.11;1383.4646
779;1316.1;1343.0317
780;1420.97;1413.0498
781;1019.4;1015.3078
782;1214.2;1208.3779
783;1413.26;1407.7396
784;1003.3;1000.1722
785;1444.45;1438.5369
786;1047.3;1043.5942
787;1189.63;1188.7626
788;1060.4;1057.9628
789;1054.7;1051.8451
790;1439.73;1435.0245
791;1005.02;1000.7332
792;1295.3;1301.4989
793;1035.6;1017.7301
794;1349.1;1343.8142
795;1221.24;1223.9639
796;1516.85;1521.2368
797;1447.36;1451.2661
798;1481.54;1489.0101
799;1234.89;1231.2051
800;1427.4;1429.0593
801;1375.353069;1381.4945
802;1331.329335;1333.8846
803;1392.34956;1407.2041
804;1404.59;1431.8457
805;1412.78;1406.9281
806;1080.12;1078.0868
807;1208.8;1209.3052
808;1105.32;1083.9363
809;1406.0;1409.4473
810;1479.57;1489.5747
811;1347.1;1337.5942
812;1191.84;1194.1724
813;1442.31;1437.7251
814;1059.8;1058.9226
815;1437.26;1440.2615
816;1291.11257;1289.7717
817;1238.48;1240.1107
818;1449.47;1453.991
819;1045.3;1042.1488
820;1190.8;1191.0635
821;1283.890186;1284.0554
822;1463.93;1468.7311
823;1230.24;1232.8196
824;1432.357502;1429.8738
825;1280.4;1279.5757
826;1273.31;1257.5061
827;1029.6;1026.0461
828;1416.78;1427.9685
829;1502.01;1510.3994
830;1408.79;1403.1306
831;1403.85;1431.4141
832;1372.46;1390.7051
833;1266.7;1265.9937
834;1208.53;1212.1262
835;1085.81;1084.812
836;1397.89;1393.7217
837;1424.609869;1422.2036
838;1272.58;1274.7339
839;1573.29;1575.4458
840;1018.33;1013.5747
841;1483.13;1489.4207
842;1350.990301;1353.3934
843;1067.8;1066.3561
844;1427.29;1429.5752
845;1012.37;1007.7635
846;1213.81;1214.3085
847;1052.1;1033.7825
848;1099.74;1082.1248
849;1374.27;1368.1519
850;1442.53;1457.5781
851;1211.76;1211.3564
852;1409.39;1425.7192
853;1238.0;1244.4913
854;1364.79;1362.5608
855;1214.87;1218.1177
856;1391.88;1420.9028
857;1197.28;1199.4368
858;1438.41;1444.6644
859;1255.67;1257.7693
860;1223.9;1229.8706
861;1401.76797;1400.1072
862;1300.3;1307.2217
863;1380.82;1373.2443
864;1095.39;1094.0076
865;1434.96;1426.0142
866;1255.5;1252.9575
867;1009.91;1005.5686
868;1407.206982;1405.5337
869;1554.87;1562.842
870;1429.22;1431.7871
871;1083.4;1081.4392
872;1024.29;1019.1086
873;1474.8;1479.4388
874;1008.7;995.65094
875;1548.49;1555.2339
876;1208.0;1208.7179
877;1185.84;1185.7883
878;1185.91;1188.4028
879;1318.4;1320.856
880;1447.15;1449.7422
881;1171.32;1174.9907
882;1367.65;1361.4574
883;1437.36;1430.6206
884;1508.41;1520.4456
885;1454.58;1456.5535
886;1474.07;1483.1858
887;1470.7;1480.07
888;1435.15;1418.5718
889;1449.15;1462.3798
890;1288.67;1294.5725
891;1310.80155;1310.6804
892;1425.12;1429.5178
893;1562.56;1572.7539
894;1245.28;1249.1685
895;1021.7;1017.5586
896;1193.03;1195.8015
897;1351.04;1340.5983
898;1031.21;1025.7046
899;1422.01;1449.0876
900;1005.6;1002.2459
901;1389.56;1393.3848
902;1473.66;1482.0032
903;1320.8;1332.58
904;1449.96;1431.9363
905;1451.4;1441.9138
906;1390.95;1405.1628
907;1228.03;1233.2278
908;1254.7;1253.9775
909;1321.57;1328.9539
910;1258.2;1257.0409
911;1375.46;1393.7056
912;996.11;993.21155
913;1263.64;1255.1897
914;1229.64;1235.2849
915;1030.18;1026.0972
916;1366.24;1360.9277
917;1207.11;1208.2114
918;1429.87;1436.8693
919;1216.03;1218.7725
920;1430.04;1414.0583
921;1068.3;1067.9045
922;1437.14;1440.2736
923;1224.66;1229.3033
924;1204.65;1206.0865
925;1391.641459;1389.0376
926;1308.74;1311.7937
927;1194.11;1191.558
928;1395.34;1424.1514
929;1467.74;1471.7698
930;1272.6;1271.4392
931;1024.0;1019.73663
932;1354.9;1363.0049
933;1370.74;1364.0151
934;1038.3;1034.7427
935;1371.0;1389.6582
936;1499.16;1509.8623
937;1283.4;1286.2739
938;1387.18;1381.0066
939;1322.149298;1319.2292
940;1231.38;1225.4532
941;1502.49;1514.5116
942;1275.525205;1273.4908
943;1227.52;1231.4441
944;1403.5;1396.0309
945;1320.260454;1319.8716
946;1337.198366;1334.1887
947;1392.12;1385.7073
948;1195.15;1196.6597
949;1225.25;1229.9976
950;1019.5;1015.3872
951;1209.39;1204.3594
952;1233.8;1232.7784
953;1428.34;1412.5477
954;1320.61;1318.8586
955;1379.57;1373.4691
956;1265.34;1263.2776
957;1315.08;1310.8665
958;1397.64;1401.1228
959;1451.64;1447.1248
960;1333.671595;1332.1257
961;1471.92;1481.7358
962;1301.730885;1297.9764
963;1190.3;1191.4957
964;1264.05;1260.6372
965;1392.55;1416.3843
966;1287.0;1286.9055
967;1258.26;1245.0918
968;1292.4;1291.643
969;1229.41;1234.3611
970;1414.53;1441.4409
971;1053.1;1049.8617
972;1206.37;1207.0115
973;1209.39;1212.2168
974;1039.0;1035.2123
975;1196.26;1197.1166
976;1030.42;1024.9177
977;1449.25;1454.5442
978;1448.18;1438.7627
979;1409.19;1436.5364
980;1389.59;1382.2651
981;1273.19;1267.017
982;1344.64;1337.8196
983;1259.52;1264.2094
984;1482.84;1492.6785
985;1376.94;1370.8403
986;1469.3;1474.2515
987;1462.71;1460.3225
988;1327.814258;1323.7834
989;1207.61;1205.4426
990;1480.58;1485.2798
991;1478.49;1488.7175
992;1479.58;1485.5956
993;1230.8;1229.3633
994;1366.23;1360.0186
995;1460.72;1458.8025
996;1221.5;1224.4797
997;1275.1;1275.4993
998;1335.07;1333.5391
999;1453.26;1456.2882
1000;1338.612669;1339.5146
1001;1450.21;1446.633
1002;1274.52;1272.2328
1003;1491.57;1496.4358
1004;1209.95;1203.9818
1005;1454.75;1468.5911
1006;1497.43;1509.1044
1007;1444.6;1446.5938
1008;1217.99;1217.5219
1009;1029.8;1025.3884
1010;1342.04;1334.78
1011;1372.77;1366.4083
1012;1380.87;1378.622
1013;1444.76;1449.9436
1014;1429.11;1432.5631
1015;1469.09;1474.5253
1016;1181.92;1181.5844
1017;1439.59;1469.3873
1018;1430.1;1433.5927
1019;1205.02;1204.0942
1020;1435.96;1438.0256
1021;1424.97;1428.0938
1022;1253.51;1248.5916
1023;1181.1;1182.9971
1024;1359.73;1357.4441
1025;1297.01;1293.9253
1026;1459.61;1454.0845
1027;1384.089404;1382.7803
1028;1463.28;1474.349
1029;1435.35;1465.3901
1030;1207.85;1201.519
1031;1461.27;1465.3457
1032;1114.8;1099.4905
1033;1364.67;1358.1382
1034;1023.6;1019.62274
1035;1377.26;1382.3295
1036;1360.84;1368.5544
1037;1503.71;1510.5902
1038;1192.98;1191.7269
1039;1295.5;1317.0449
1040;1077.57;1074.6853
1041;1416.78;1415.365
1042;1313.4;1323.3223
1043;1105.48;1091.6814
1044;1440.15;1423.0519
1045;1447.4;1450.3978
1046;1180.06;1178.5718
1047;1084.08;1074.4994
1048;1030.3;1026.217
1049;1401.18;1429.2701
1050;1406.03;1401.1211
1051;1400.77;1417.8789
1052;1379.55;1375.532
1053;1458.07;1455.3623
1054;1469.08;1472.0105
1055;1541.85;1547.5504
1056;1001.16;997.5742
1057;1091.76;1077.9902
1058;1249.36;1242.6074
1059;1447.69;1449.496
1060;1393.5;1389.7825
1061;1503.3;1509.104
1062;1092.44;1089.6807
1063;1203.51;1197.1897
1064;1410.92;1437.9299
1065;1460.35;1464.8992
1066;1175.0;1173.1075
1067;1218.85;1221.0365
1068;1398.262157;1395.8572
1069;1448.37;1443.684
1070;1582.85;1582.8169
1071;1536.44;1538.8538
1072;1257.9;1255.469
1073;1043.37;1039.4227
1074;1051.65;1046.65
1075;1041.8;1038.195
1076;1444.85;1449.2657
1077;1446.17;1450.3923
1078;1441.99;1471.5618
1079;1438.11;1437.0563
1080;1448.67;1445.333
1081;1268.421254;1269.3654
1082;1572.64;1585.1287
1083;1034.29;1029.0822
1084;1310.35;1301.9316
1085;1512.64;1520.6019
1086;1222.73;1221.4263
1087;1216.29;1215.5637
1088;1421.72;1450.533
1089;1416.86;1444.207
1090;1459.64;1457.0201
1091;1217.19;1211.4648
1092;1228.0;1226.4397
1093;1429.3;1431.8684
1094;1392.98;1405.769
1095;1208.22;1210.1993
1096;1500.63;1505.3147
1097;1247.8;1248.1042
1098;1488.63;1492.4175
1099;1464.57;1468.5125
1100;1487.11;1490.0039
1101;1474.09;1480.1936
1102;1435.18;1464.1417
1103;1469.31;1479.9767
1104;1421.63;1417.5469
1105;1357.72;1353.3385
1106;1529.86;1532.4381
1107;1251.109508;1252.063
1108;1220.61;1222.5948
1109;1479.56;1483.7688
1110;1435.49;1437.9552
1111;1228.1;1226.6445
1112;1480.89;1492.7114
1113;1383.900623;1397.0703
1114;1468.8;1464.2571
1115;1442.16;1438.5626
1116;1448.62;1451.9119
1117;1478.57;1486.0342
1118;1432.43;1434.927
1119;1335.139561;1333.1846
1120;1344.675547;1342.3018
1121;1191.48;1193.2424
1122;1240.29;1233.8412
1123;1201.24;1199.898
1124;1007.58;1003.4177
1125;1190.55;1188.491
1126;1408.714959;1429.2506
1127;1051.8;1049.6887
1128;1440.42;1470.1278
1129;1448.61;1444.9271
1130;1075.4;1074.7876
1131;1395.297782;1408.9846
1132;1502.37;1514.2551
1133;1042.42;1037.303
1134;1290.04;1286.4756
1135;1361.86;1355.489
1136;1294.13;1291.1488
1137;1210.85;1212.2611
1138;1466.15;1473.4956
1139;1496.89;1505.5679
1140;1245.071826;1250.0381
1141;1073.6;1073.2219
1142;1419.36;1446.9664
1143;1196.0;1196.706
1144;1412.93;1411.3718
1145;1262.1;1260.5461
1146;1285.2;1307.2579
1147;1390.89;1412.221
1148;1204.58;1203.337
1149;1490.06;1496.771
1150;1442.74;1472.2572
1151;1320.889926;1317.95
1152;1437.64;1466.2708
1153;1245.0;1228.3269
1154;1455.23;1450.8885
1155;1440.12;1451.5889
1156;1302.7;1308.8003
1157;1270.3;1276.6633
1158;1174.2;1172.82
1159;1383.35;1375.5781
1160;1354.357002;1360.0773
1161;1173.7;1171.3092
1162;1382.57;1385.2107
1163;1309.1;1320.4883
1164;1166.37;1170.5814
1165;1356.301426;1357.2854
1166;1327.11;1321.5017
1167;1052.59;1048.7472
1168;1505.6;1518.639
1169;1272.3;1279.5918
1170;1433.03;1435.6074
1171;1432.86;1435.8035
1172;1258.8;1261.5138
1173;1303.18;1299.9231
1174;1205.5;1203.7991
1175;1441.12;1470.8523
1176;1072.7;1072.8804
1177;1257.0;1255.1602
1178;1022.54;1017.7676
1179;1424.84;1409.5186
1180;1129.44;1116.8779
1181;1212.7;1211.1648
1182;1233.7;1231.7876
1183;1348.48;1346.5425
1184;1350.06;1342.0924
1185;1404.41;1409.1162
1186;1405.8;1408.2152
1187;1449.93;1452.6006
1188;1467.0;1464.5176
1189;1214.16;1216.7189
1190;1252.65;1256.2798
1191;1305.36;1300.489
1192;1463.69;1467.1257
1193;1297.8;1291.7214
1194;1404.06;1427.2289
1195;1438.97;1442.5782
1196;1388.53;1402.1113
1197;1057.4;1042.1056
1198;1209.38;1206.903
1199;1408.32;1395.7771
1200;1443.04;1446.1567
1201;1487.83;1492.0305
1202;1037.5;1033.3552
1203;1416.9;1423.426
1204;1324.96;1327.3267
1205;1417.2;1411.4788
1206;1039.4;1035.5975
1207;1195.23;1194.508
1208;1318.82;1313.5239
1209;1261.9;1264.6487
1210;1437.04;1431.5415
1211;1307.36;1312.0013
1212;1301.463603;1300.0577
1213;1390.83;1385.7582
1214;1183.99;1182.6185
1215;1243.58;1246.1638
1216;1468.58;1470.8416
1217;1395.68;1394.4629
1218;1308.0;1315.4949
1219;1262.69;1269.4119
1220;1242.07;1244.7
1221;1434.5;1441.3822
1222;1433.68;1461.7734
1223;1472.79;1481.9104
1224;1276.92;1275.0637
1225;1084.89;1067.5233
1226;1427.57;1432.898
1227;1359.42;1354.8486
1228;1033.4;1029.0615
1229;1468.44;1480.2472
1230;1155.6;1157.6498
1231;1296.231772;1292.8752
1232;1330.077314;1330.0952
1233;1314.25;1308.5544
1234;998.8;986.9199
1235;1070.2;1069.3735
1236;1414.01;1425.1042
1237;1418.06;1414.154
1238;1429.64;1423.6951
1239;1033.9;1029.695
1240;1413.68;1414.6696
1241;1554.93;1552.7053
1242;1015.0;1010.97144
1243;1186.3;1183.599
1244;1310.6;1310.3303
1245;1021.56;1016.2315
1246;1217.48;1221.0342
1247;1425.95;1429.7563
1248;1254.43;1252.2664
1249;1270.27;1259.0258
1250;1454.99;1451.7261
1251;1430.21;1421.8772
1252;1396.68;1400.7316
1253;1312.37;1304.4985
1254;1178.0;1176.9106
1255;1032.49;1027.4788
1256;1410.45;1409.6388
1257;1262.0;1261.2505
1258;1449.71;1443.7566
1259;1378.24;1370.8579
1260;1488.4;1499.2605
1261;1426.58;1411.0347
1262;1255.2;1254.7798
1263;1089.6;1086.4567
1264;1301.72;1294.4213
1265;1422.52;1445.3379
1266;1368.77;1362.5977
1267;1427.17;1455.2407
1268;1270.9;1273.8643
1269;1080.5;1080.3579
1270;1543.88;1550.3499
1271;1224.75;1226.694
1272;1296.2;1295.6599
1273;1358.22;1359.008
1274;1410.08;1420.5154
1275;1039.1;1035.2765
1276;1215.09;1219.9988
1277;1306.195963;1305.3663
1278;1307.309891;1303.1289
1279;1444.91;1435.5964
1280;1475.87;1483.308
1281;1215.92;1214.0878
1282;1055.2;1052.4146
1283;1280.34;1276.6873
1284;1443.94;1444.7279
1285;1191.85;1190.3325
1286;1031.8;1027.5458
1287;1217.91;1216.207
1288;1295.5;1294.69
1289;1383.68;1379.7544
1290;1249.07;1252.2527
1291;1083.8;1083.9723
1292;1252.15;1254.142
1293;1251.72;1248.7147
1294;1336.27;1335.2258
1295;1323.3;1329.3613
1296;1045.49;1040.6237
1297;1248.8;1247.2678
1298;1437.93;1433.2808
1299;1244.75;1238.5923
1300;1193.3;1190.6063
1301;1192.42;1190.3081
1302;1361.549723;1367.5258
1303;1385.32;1384.4434
1304;1437.17;1440.9498
1305;1441.79;1424.541
1306;1386.22;1380.5145
1307;1372.19;1372.3313
1308;1442.64;1436.7893
1309;1282.457968;1282.7927
1310;1442.0;1447.9868
1311;1436.83;1420.0706
1312;1466.37;1471.6257
1313;1417.39;1421.2078
1314;1462.78;1457.4956
1315;1350.840019;1353.8418
1316;1027.7;1023.91223
1317;1070.0;1069.0414
1318;1208.93;1211.0795
1319;1374.348032;1383.0874
1320;1434.88;1436.3486
1321;1354.2;1354.6333
1322;1306.11;1302.7007
1323;1587.93;1588.3914
1324;1385.53;1377.5918
1325;1341.715443;1339.4257
1326;1562.19;1563.4587
1327;1414.503586;1412.1925
1328;1476.98;1483.2524
1329;1444.8;1450.2876
1330;1416.05;1443.4045
1331;1190.19;1189.9395
1332;1336.09;1332.8165
1333;1400.89;1428.7645
1334;1199.01;1198.6211
1335;1402.02;1406.9667
1336;1507.27;1519.4968
1337;1398.151085;1395.9666
1338;1188.89;1189.3341
1339;1455.36;1458.2015
1340;1451.8;1448.3347
1341;1390.56;1389.1462
1342;1346.128401;1344.689
1343;1576.49;1582.0687
1344;1064.9;1063.4905
1345;1092.97;1071.8833
1346;1273.002322;1271.5802
1347;1383.4;1386.6079
1348;1257.46;1250.6597
1349;1066.02;1048.6564
1350;1099.77;1097.6118
1351;1438.49;1440.9525
1352;1432.121336;1430.0836
1353;1311.2;1336.523
1354;1457.029232;1454.2244
1355;1256.95;1250.9309
1356;1036.88;1031.1338
1357;1399.89;1428.0365
1358;1186.82;1187.9836
1359;1305.8;1308.713
1360;1263.2;1262.1255
1361;1359.35;1345.9314
1362;1397.99;1426.6564
1363;1429.82;1421.1737
1364;1451.11;1455.6375
1365;1426.35;1417.9371
1366;1045.2;1042.0856
1367;1206.23;1199.7777
1368;1211.65;1213.6174
1369;1541.37;1542.9136
1370;1301.97;1298.3584
1371;1191.1;1192.1587
1372;1299.196148;1296.5159
1373;1337.4;1336.4727
1374;1329.2;1322.8538
1375;1052.04;1046.2649
1376;1448.4;1453.1584
1377;1449.037182;1446.7897
1378;1229.575256;1235.809
1379;1417.64;1421.3486
1380;1453.64;1449.2563
1381;1339.77;1337.906
1382;1540.03;1547.2599
1383;1313.719361;1312.4788
1384;1370.25;1363.3853
1385;1112.52;1110.428
1386;1279.2;1279.8722
1387;1421.25;1406.4844
1388;1444.36;1447.2761
1389;1362.58;1350.6957
1390;1473.13;1469.2832
1391;1270.48;1258.2383
1392;1346.0;1351.0507
1393;1291.6;1290.6151
1394;1317.55;1320.7817
1395;1489.19;1490.5724
1396;1026.9;1022.66223
1397;1442.73;1444.73
1398;1310.01;1312.4304
1399;1237.7;1241.2274
1400;1303.6;1326.7704
1401;1398.91;1404.5188
1402;1204.22;1202.4081
1403;1307.0;1300.4836
1404;1248.84;1253.1384
1405;1348.3;1349.1118
1406;1103.86;1088.5789
1407;1260.89;1252.5023
1408;1551.8;1554.4391
1409;1474.94;1483.2869
1410;1229.274823;1237.2948
1411;1565.55;1569.3829
1412;1385.656538;1395.2922
1413;1396.98;1409.1211
1414;1192.47;1185.2576
1415;1405.67;1416.643
1416;1556.57;1565.3752
1417;1464.2;1460.7144
1418;1201.26;1198.1982
1419;1330.7;1338.6812
1420;1231.53;1231.4025
1421;1269.860949;1272.1149
1422;1281.059265;1278.8163
1423;1279.3;1282.752
1424;1329.62;1328.5339
1425;1390.0;1384.9568
1426;1079.01;1078.2618
1427;1466.68;1468.4829
1428;1334.77;1333.986
1429;1021.8;1017.563
1430;1409.85;1412.0281
1431;1284.6;1288.4661
1432;1424.57;1416.3109
1433;1560.91;1558.9929
1434;1410.47;1402.4058
1435;1198.5;1197.1372
1436;1398.85;1412.9083
1437;1539.73;1547.4294
1438;1197.9;1198.6212
1439;1455.69;1459.229
1440;1237.329347;1242.7755
1441;1248.5;1247.862
1442;1453.67;1455.948
1443;1322.92552;1318.6052
1444;1443.48;1446.7229
1445;1021.6;1017.46826
1446;1314.039901;1310.8766
1447;1432.79;1433.3218
1448;1193.81;1196.5133
1449;1426.11;1428.7812
1450;1440.78;1435.0388
1451;1440.5;1436.8608
1452;1314.57;1309.2993
1453;1472.86;1483.4023
1454;1376.95;1370.4517
1455;1399.42;1412.2585
1456;1262.45422;1266.9563
1457;1336.96;1334.9795
1458;1394.538474;1391.7361
1459;1223.95;1226.5608
1460;1349.46;1351.2056
1461;1281.525068;1279.9078
1462;1035.9;1031.8347
1463;1464.64;1468.7548
1464;1375.07;1372.3785
1465;1362.891793;1366.0911
1466;1462.22;1473.2944
1467;1366.54;1360.321
1468;1363.43;1358.4282
1469;1482.0;1492.3518
1470;1554.71;1557.5333
1471;1300.9;1323.5247
1472;1211.8;1215.0536
1473;1328.496792;1327.2407
1474;1448.81493;1445.9185
1475;1210.96;1208.6309
1476;1436.63;1427.6215
1477;1256.32;1242.7866
1478;1215.25;1214.0386
1479;1375.63;1368.4196
1480;1214.24;1212.5659
1481;1018.0;1002.673
1482;1382.15;1376.0397
1483;1248.88;1233.6553
1484;1360.58;1355.8816
1485;1512.3;1515.2771
1486;1472.6;1474.2396
1487;1236.5;1235.2705
1488;1073.6;1072.8915
1489;1462.75;1470.1968
1490;1217.27;1219.5204
1491;1411.233535;1408.9937
1492;1021.0;1005.57776
1493;1453.09;1447.2107
1494;1345.798547;1346.7542
1495;1488.07;1496.6436
1496;1375.69;1372.3767
1497;1238.92;1235.4846
1498;1445.44;1448.4392
1499;1436.551419;1433.8772
1500;1359.03;1358.1873
1501;1207.34;1209.6498
1502;1361.05;1361.5267
1503;1446.72;1428.9885
1504;1408.3;1431.3234
1505;1417.87;1444.8027
1506;1248.0;1247.405
1507;1249.85;1245.4747
1508;1180.89;1180.4329
1509;1457.05;1464.4501
1510;1495.45;1500.0868
1511;1252.3;1250.7396
1512;1462.67;1459.03
1513;1064.4;1062.4448
1514;1063.04;1058.3086
1515;1312.689283;1308.2822
1516;1429.53;1434.5206
1517;1195.75;1195.8595
1518;1051.1;1047.7466
1519;1418.3;1419.3279
1520;1446.94;1443.2178
1521;1254.85;1243.6466
1522;1550.29;1550.9622
1523;1262.77;1268.4141
1524;1256.0;1260.8854
1525;1423.06;1432.5923
1526;1374.34;1368.1411
1527;1350.07;1353.9141
1528;1250.4;1249.9021
1529;1470.29;1474.6616
1530;1066.76;1062.5559
1531;1289.877527;1287.6614
1532;1487.24;1495.109
1533;1237.0;1235.7511
1534;1447.6;1447.0414
1535;1053.52;1051.4285
1536;1427.680927;1425.7218
1537;1323.65;1321.809
1538;1259.27;1261.3231
1539;1031.3;1026.9048
1540;1233.2;1234.8849
1541;1243.1;1243.0758
1542;1425.7;1453.0071
1543;1384.35;1387.2861
1544;1098.3;1078.7722
1545;1460.28;1462.7812
1546;1433.28;1429.418
1547;1071.9;1070.9763
1548;1475.7;1481.9526
1549;1273.236171;1275.922
1550;1276.38;1281.6475
1551;1205.0;1207.6597
1552;1195.73;1198.8534
1553;1441.43;1443.9167
1554;1449.18;1454.5442
1555;1450.26;1447.0159
1556;1496.8;1501.7317
1557;1104.11;1102.3572
1558;1423.41;1419.2456
1559;1482.12;1489.439
1560;1096.1;1084.5457
1561;1491.56;1504.1667
1562;1563.44;1566.738
1563;1403.5;1430.8662
1564;1193.52;1191.6527
1565;1073.08;1071.0951
1566;1296.3;1311.7949
1567;1266.21;1272.897
1568;1439.29;1442.1539
1569;1219.97;1220.5831
1570;1264.8;1271.4165
1571;1173.83;1171.6907
1572;1268.0;1270.826
1573;1270.07;1255.436
1574;1201.22;1198.986
1575;1403.2;1416.7069
1576;1198.87;1201.061
1577;1102.51;1100.585
1578;1454.62;1445.0488
1579;1189.03;1190.8467
1580;1409.15;1437.6843
1581;1069.89;1066.1998
1582;1424.25;1424.3962
1583;1050.39;1047.5726
1584;1194.2;1194.1151
1585;1279.167122;1276.9208
1586;1019.89;1014.8834
1587;1500.95;1510.2972
1588;1049.2;1045.7278
1589;1382.09;1376.0173
1590;1425.82;1454.9269
1591;1353.83;1353.3464
1592;1346.695312;1348.4429
1593;1028.49;1022.67487
1594;1451.29;1453.4233
1595;1448.49;1450.5623
1596;1476.81;1488.6892
1597;1227.76;1232.4121
1598;1101.42;1099.7775
1599;1532.6;1535.181
1600;1213.39;1216.4846
1601;1293.05;1288.5652
1602;1431.56;1422.7905
1603;1274.76;1271.226
1604;1436.81;1432.8901
1605;1171.99;1169.5276
1606;1422.84;1425.6665
1607;1506.01;1515.2314
1608;1045.6;1029.1086
1609;1454.1;1456.5535
1610;1377.37;1377.489
1611;1219.71;1222.4629
1612;1406.29;1434.6696
1613;1401.81;1429.4785
1614;1439.3;1437.1313
1615;1390.232654;1388.7312
1616;1117.76;1105.1683
1617;1226.1;1225.8467
1618;1471.14;1481.4756
1619;1277.503839;1275.1921
1620;1205.27;1207.9534
1621;1093.15;1091.113
1622;1459.14;1464.1458
1623;1420.19;1447.6875
1624;1008.1;1004.4398
1625;1076.5;1074.6431
1626;1219.95;1218.3978
1627;1377.995638;1375.167
1628;1543.99;1544.5486
1629;1407.3;1405.6288
1630;1515.8;1519.3817
1631;1470.69;1474.7341
1632;1026.2;1021.90393
1633;1214.59;1213.5477
1634;1198.4;1199.875
1635;1287.62;1282.5715
1636;1424.81;1430.7689
1637;1468.67;1465.7393
1638;1213.27;1215.8711
1639;1088.06;1085.4282
1640;1218.32;1218.5907
1641;1398.6;1391.8364
1642;1379.56;1402.5527
1643;1328.75;1330.823
1644;1081.84;1078.6664
1645;1210.03;1211.581
1646;1476.58;1480.5845
1647;1287.1;1307.4304
1648;1452.55;1455.7026
1649;1423.659785;1421.3721
1650;1452.94;1461.1694
1651;1234.62;1240.3169
1652;1070.48;1067.4617
1653;1238.0;1237.9819
1654;1357.13;1349.0442
1655;1066.77;1061.6229
1656;1297.1;1295.7327
1657;1384.69;1378.552
1658;1318.4;1329.8279
1659;1440.54;1441.0083
1660;1071.51;1067.9985
1661;1193.11;1193.8689
1662;1455.17;1459.4963
1663;1416.08;1419.3604
1664;1354.904249;1359.2781
1665;1200.01;1204.0825
1666;1496.83;1508.335
1667;1451.66;1459.9897
1668;1204.4;1202.1355
1669;1437.47;1443.4265
1670;1307.384039;1305.0288
1671;1258.871559;1259.0725
1672;1443.74;1449.0715
1673;1256.13;1260.275
1674;1393.29;1420.998
1675;1323.41;1322.2399
1676;1220.1;1218.6761
1677;1246.53;1248.632
1678;1203.49;1201.8344
1679;1457.4;1461.3235
1680;1053.0;1049.8027
1681;1525.26;1531.5077
1682;1362.38;1355.98
1683;1201.87;1195.052
1684;1049.3;1046.2354
1685;1483.54;1481.6664
1686;1004.6;992.7367
1687;1350.09;1349.3276
1688;1200.5;1202.6211
1689;1132.46;1121.8563
1690;1403.07;1430.7128
1691;1357.0;1357.3121
1692;1411.85;1439.3263
1693;1274.7;1281.1814
1694;1212.04;1214.4327
1695;998.69;995.36975
1696;1396.25;1390.6936
1697;1467.03;1469.2024
1698;1056.8;1053.9407
1699;1437.29;1449.7378
1700;1472.39;1482.7356
1701;1279.4;1286.251
1702;1203.25;1204.1545
1703;1400.99;1399.683
1704;1472.67;1473.284
1705;1539.29;1545.0781
1706;1316.401786;1314.1001
1707;1241.07;1244.4998
1708;1312.09;1315.625
1709;1475.37;1480.2948
1710;1031.3;1017.0405
1711;1290.75785;1287.5654
1712;1474.55;1470.9485
1713;1486.69;1493.1653
1714;1499.35;1503.2935
1715;1382.37;1379.5162
1716;1070.64;1056.4128
1717;1268.07;1262.5275
1718;1335.45727;1333.4661
1719;1290.2;1296.1938
1720;1038.66;1033.2404
1721;1178.56;1177.513
1722;1305.7;1304.6694
1723;1207.2;1205.5715
1724;1212.6;1216.1692
1725;1216.84;1221.0164
1726;1348.88;1341.6947
1727;1394.39;1415.2985
1728;1320.4;1324.5155
1729;1492.22;1498.7585
1730;1393.51;1386.312
1731;1418.42;1421.8416
1732;1530.57;1531.4426
1733;1353.02;1351.7424
1734;1039.2;1035.3834
1735;1241.72;1244.0018
1736;1520.53;1527.8003
1737;1182.1;1180.8306
1738;1234.4;1238.4286
1739;1238.8;1237.0221
1740;1275.9;1275.1394
1741;1045.4;1042.2539
1742;1418.93;1429.4718
1743;1021.0;1016.90216
1744;1462.74;1460.1237
1745;1233.9;1233.6792
1746;1209.8;1207.7756
1747;1226.32;1224.821
1748;1318.6;1321.1431
1749;1551.86;1559.7627
1750;1259.1;1257.4664
1751;1299.01;1295.6218
1752;1462.54;1467.2783
1753;1332.11;1331.054
1754;1091.31;1088.468
1755;1401.48;1401.8158
1756;1256.8;1258.4962
1757;1033.0;1028.7959
1758;1365.02;1363.0939
1759;1298.2;1320.2827
1760;1256.3;1257.4238
1761;1390.32;1391.3372
1762;1303.0;1310.4194
1763;1414.93;1414.8799
1764;1346.623909;1346.4343
1765;1167.3;1166.7689
1766;1498.73;1502.6675
1767;1179.61;1178.665
1768;1485.3;1492.1467
1769;1036.33;1031.6444
1770;1414.03;1418.0479
1771;1261.6;1246.1409
1772;1583.72;1586.844
1773;1017.03;1012.0903
1774;1033.37;1027.7888
1775;1534.56;1537.5435
1776;1564.07;1573.1055
1777;1421.12;1448.394
1778;1352.0;1356.3005
1779;1269.1;1271.0989
1780;1422.99;1419.6836
1781;1032.8;1026.9126
1782;1265.7;1264.1249
1783;1291.579681;1289.4441
1784;1481.1;1489.3801
1785;1183.8;1185.3762
1786;1430.5;1426.0133
1787;1253.4;1254.7969
1788;1053.4;1051.3406
1789;1504.13;1514.8994
1790;1321.080869;1319.4193
1791;1421.75;1425.6708
1792;1442.54;1449.1171
1793;1387.02;1390.4812
1794;1049.6;1034.7404
1795;1578.17;1592.3503
1796;1196.43;1198.6812
1797;1331.21473;1330.356
1798;1402.73;1431.176
1799;1193.763711;1213.8933
1800;1255.7;1258.351
1801;1399.8;1405.2529
1802;1485.41;1495.853
1803;1069.88;1065.2571
1804;1059.57;1056.0127
1805;1079.64;1060.193
1806;1305.09;1308.2512
1807;1412.02;1402.5374
1808;1305.0;1304.0056
1809;1448.39;1452.7
1810;1292.8;1298.8386
1811;1482.86;1490.5066
1812;1443.34;1456.0912
1813;1364.34;1366.8861
1814;1240.5;1239.8433
1815;1436.65;1443.3813
1816;1242.76;1242.4585
1817;1388.25;1380.573
1818;1055.44;1050.5894
1819;1488.79;1492.7206
1820;1220.658329;1231.7876
1821;1485.62;1497.9021
1822;1428.11;1419.5602
1823;1428.87;1456.672
1824;1037.2;1033.0059
1825;1501.5;1513.8091
1826;1063.85;1061.9463
1827;1074.3;1071.1193
1828;1475.33;1478.1752
1829;1036.4;1032.625
1830;1220.9;1227.5491
1831;1408.28;1435.8195
1832;1209.32;1212.1493
1833;1425.67;1431.3352
1834;1275.96;1269.9985
1835;1123.27;1108.198
1836;1460.97;1465.5605
1837;1081.82;1071.0531
1838;1222.89;1226.4463
1839;1556.34;1557.2693
1840;1354.33;1345.2
1841;1434.28;1437.2648
1842;1053.3;1050.3668
1843;1068.4;1067.427
1844;1572.23;1571.1903
1845;1359.3;1361.7297
1846;1059.2;1044.8512
1847;1420.260915;1417.9646
1848;1493.18;1501.3406
1849;1179.37;1178.2012
1850;1484.6;1489.0481
1851;1328.846747;1328.1609
1852;1334.24;1337.1455
1853;1552.15;1559.2886
1854;1409.65;1438.0161
1855;1283.0;1282.6918
1856;1185.69;1184.3527
1857;1473.43;1480.0948
1858;1039.3;1024.4114
1859;1064.4;1063.1622
1860;1017.2;1013.19293
1861;1452.03;1447.62
1862;1354.673971;1355.3127
1863;1217.96;1221.1382
1864;1453.25;1448.8391
1865;1252.5;1255.1616
1866;1227.15;1229.803
1867;1363.34361;1360.2664
1868;1039.9;1034.0701
1869;1241.4;1247.5012
1870;1476.64;1483.3629
1871;1525.29;1530.5317
1872;1350.397693;1347.5669
1873;1326.402202;1325.2263
1874;1482.23;1486.2577
1875;1250.8;1249.4795
1876;1333.0;1342.263
1877;1231.1;1229.4468
1878;1258.8;1259.5874
1879;1436.54;1442.9927
1880;1263.3;1267.6353
1881;1481.33;1484.176
1882;1295.81;1295.0139
1883;1037.4;1034.2292
1884;1087.37;1071.0974
1885;1230.71;1233.4446
1886;1568.97;1572.6946
1887;1445.75;1443.831
1888;1399.88;1404.2091
1889;1431.52;1439.8794
1890;1222.59;1225.3823
1891;1234.3;1241.5139
1892;1419.85;1408.3765
1893;1460.01;1464.8296
1894;1401.717535;1399.3544
1895;1445.11;1427.5095
1896;1058.6;1057.6938
1897;1339.86;1336.7693
1898;1203.01;1203.7277
1899;1425.62;1419.8679
1900;1461.15;1458.6733
1901;1382.05;1382.3169
1902;1411.19;1430.8679
1903;1277.9;1280.307
1904;1251.35;1241.8018
1905;1279.4;1305.838
1906;1221.01;1225.0289
1907;1400.31;1427.6771
1908;1583.53;1599.4548
1909;1222.7;1220.9897
1910;1080.03;1076.3998
1911;1059.09;1054.495
1912;1220.02;1220.5697
1913;1423.22;1427.732
1914;1185.4;1186.2317
1915;1035.2;1018.71204
1916;1209.88;1207.4019
1917;1279.1;1278.3435
1918;1392.88;1394.6244
1919;1339.52;1345.3809
1920;1320.34049;1320.1215
1921;1372.9;1376.014
1922;1264.2;1270.888
1923;1411.84;1414.8417
1924;1032.6;1015.83954
1925;1395.2;1401.3348
1926;1079.4;1080.4784
1927;1043.6;1039.7183
1928;1371.5;1365.4092
1929;1314.832695;1311.3541
1930;1203.4;1207.636
1931;1434.7;1441.3818
1932;1308.614818;1309.387
1933;1319.75094;1316.602
1934;1220.33;1221.5845
1935;1223.68;1225.5005
1936;1408.82;1409.5621
1937;1508.06;1512.4646
1938;1566.92;1577.7981
1939;1340.2;1342.8582
1940;1345.3;1346.3247
1941;1375.39;1369.3635
1942;1269.42;1271.5186
1943;1082.46;1081.5884
1944;1326.46;1325.468
1945;1401.71;1404.705
1946;1392.17;1396.319
1947;1459.69;1456.7751
1948;1290.0;1288.8513
1949;1259.89;1246.6279
1950;1407.83;1399.3646
1951;1217.7;1216.3752
1952;1458.14;1455.0944
1953;1407.99;1412.2815
1954;1059.9;1044.2734
1955;1561.01;1570.3665
1956;1319.41;1313.6128
1957;1187.5;1188.3083
1958;1003.4;1000.2816
1959;1339.034107;1339.7935
1960;1334.35;1340.313
1961;1181.69;1181.1072
1962;1384.37;1376.4597
1963;1419.44;1404.9604
1964;1466.79;1471.1711
1965;1039.9;1036.0251
1966;1579.37;1594.2589
1967;1228.21;1233.5798
1968;1302.11;1307.2542
1969;1441.32;1446.699
1970;1223.7;1222.1837
1971;1431.97;1428.3079
1972;1528.52;1526.6062
1973;1041.4;1037.273
1974;1387.11;1389.8212
1975;1240.2;1239.2483
1976;1319.665368;1321.3346
1977;1222.96;1226.2428
1978;1443.64;1439.7871
1979;1196.81;1194.2168
1980;1309.04;1304.9971
1981;1060.7;1047.5812
1982;1416.77;1439.6974
1983;1441.43;1442.9585
1984;1027.2;1022.9893
1985;1473.47;1475.4727
1986;1342.038942;1339.6226
1987;1064.19;1060.4838
1988;1546.57;1555.1957
1989;1356.53;1355.6586
1990;1407.56;1420.5527
1991;1427.92;1424.2007
1992;1417.521174;1415.8684
1993;1242.7;1241.8237
1994;1444.74;1436.6183
1995;1362.141325;1365.5049
1996;1454.12;1466.834
1997;1197.54;1200.3135
1998;1350.445441;1349.9834
1999;1422.42654;1420.7798
2000;1492.56;1503.7338
2001;1361.33;1359.0066
2002;1179.97;1179.3057
2003;1401.17;1402.5088
2004;1354.0;1356.2098
2005;1026.2;1011.3405
2006;1332.03;1336.474
2007;1243.8;1245.2356
2008;1000.15;996.37
2009;1394.06;1391.376
2010;1300.06;1295.5912
2011;1057.9;1056.9102
2012;1483.65;1492.8119
2013;1380.05;1378.2357
2014;1421.47;1415.7876
2015;1575.23;1586.4761
2016;1116.04;1096.5546
2017;1369.24;1368.7947
2018;1480.45;1486.4745
2019;1303.2;1305.9075
2020;1199.38;1192.3037
2021;1284.4;1283.2661
2022;1291.12;1287.8801
2023;1196.75;1198.3013
2024;1043.3;1039.3922
2025;1063.32;1059.8894
2026;1244.6;1246.5486
2027;1378.28;1375.4316
2028;1456.4;1450.656
2029;1424.36;1436.8807
2030;1464.96;1468.5442
2031;1100.01;1098.0435
2032;1399.899855;1415.7814
2033;1423.56;1427.2637
2034;1188.56;1188.2437
2035;1214.0;1215.8606
2036;1474.62;1482.0164
2037;1188.15;1186.2268
2038;1064.4;1063.2222
2039;1313.2;1313.7817
2040;1385.75;1414.1416
2041;1373.32;1390.262
2042;1199.23;1198.1523
2043;1194.64;1193.0508
2044;1181.24;1180.022
2045;1408.22;1402.1345
2046;1186.21;1186.877
2047;1441.63;1432.4209
2048;1182.52;1182.7573
2049;1367.33;1367.8193
2050;1172.53;1169.8875
2051;1061.8;1046.9862
2052;1193.25;1194.8096
2053;1356.2;1358.4468
2054;1315.9;1326.5715
2055;1464.24;1465.8269
2056;1378.86;1399.2529
2057;1272.28;1277.7372
2058;1453.44;1458.4865
2059;1416.91;1444.1106
2060;1440.29;1446.4229
2061;1061.8;1060.9728
2062;1410.88;1413.7278
2063;1014.09;1009.30176
2064;1442.98;1448.6252
2065;1247.3;1249.4553
2066;1559.07;1562.6196
2067;1423.2;1424.4508
2068;1412.52;1435.4653
2069;1240.3;1241.5005
2070;1478.88;1483.2551
2071;1357.3;1363.5562
2072;1056.6;1053.8738
2073;1283.221494;1280.536
2074;1293.6;1310.4546
2075;1567.06;1572.205
2076;1431.88;1460.3691
2077;1510.93;1525.1074
2078;1205.93;1205.8439
2079;1257.1;1256.4296
2080;1060.8;1058.4752
2081;1328.3;1335.1047
2082;1366.882331;1363.9119
2083;1272.98;1279.7058
2084;1381.54;1383.9729
2085;1487.58;1486.5326
2086;1233.86;1235.9165
2087;1411.94;1424.4849
2088;1308.7;1307.7183
2089;1318.3;1329.1465
2090;1387.09;1415.3406
2091;1204.36;1204.1836
2092;1481.28;1486.1733
2093;1220.3;1227.0245
2094;1213.64;1216.5044
2095;1429.73;1457.3671
2096;1039.9;1036.0852
2097;1415.2;1442.6849
2098;1371.69;1365.7842
2099;1489.0;1501.0994
2100;1434.51;1433.2415
2101;1361.36;1352.1665
2102;1542.27;1539.8042
2103;1193.8;1192.3135
2104;1461.98;1471.8782
2105;1045.4;1041.499
2106;1375.273478;1372.2852
2107;1337.61;1335.5342
2108;1448.35;1430.4644
2109;1263.5;1264.2625
2110;1421.79;1416.2424
2111;1015.4;1011.4456
2112;1213.14;1215.0773
2113;1354.84;1354.1105
2114;1229.08;1232.7203
2115;1431.76;1433.7146
2116;1181.1;1183.8945
2117;1450.91;1450.0209
2118;1193.25;1194.9683
2119;1015.49;1010.60547
2120;1188.1;1188.6494
2121;1374.64;1391.31
2122;1458.05;1453.9573
2123;1010.81;1006.26385
2124;1200.13;1197.506
2125;1423.24;1427.1052
2126;1259.77846;1260.8494
2127;1465.69;1462.3939
2128;1045.25;1039.3389
2129;1508.31;1512.8276
2130;1200.9;1203.1843
2131;1314.72;1313.8336
2132;1460.64;1472.5645
2133;1346.11;1344.2006
2134;1475.51;1481.7739
2135;1299.7;1297.353
2136;1417.17;1420.1422
2137;1218.06;1218.26
2138;1402.63;1422.8181
2139;1239.44;1239.1229
2140;1323.4;1327.9668
2141;1198.82;1195.6001
2142;1250.35;1245.8004
2143;1500.11;1510.1191
2144;1441.09;1433.7432
2145;1310.7;1318.893
2146;1432.21;1427.6973
2147;1361.02968;1358.0603
2148;1303.560852;1305.9702
2149;1199.37;1202.198
2150;1426.25;1454.5024
2151;1322.14;1319.8629
2152;1465.36;1480.7358
2153;1180.25;1179.8411
2154;1035.37;1029.9089
2155;1452.5;1457.7773
2156;1286.3;1288.7863
2157;1290.5;1291.0415
2158;1189.76;1191.9727
2159;1415.75;1401.9047
2160;1355.12;1352.1279
2161;1093.93;1081.3096
2162;1476.15;1486.7074
2163;1439.32;1445.3457
2164;1215.83;1217.2363
2165;1261.6;1260.0293
2166;1211.47;1209.8463
2167;1372.96;1365.929
2168;1206.64;1205.4928
2169;1202.0;1201.8933
2170;1456.79;1461.7097
2171;1431.06;1460.6504
2172;1461.17;1457.3413
2173;1402.986417;1400.6461
2174;1470.28;1465.9374
2175;1213.19;1208.1763
2176;1522.75;1527.3484
2177;1262.84;1256.5853
2178;1195.16;1193.4154
2179;1317.54;1316.3293
2180;1436.24;1440.2993
2181;1471.69;1467.6128
2182;1432.58;1430.4335
2183;1184.15;1184.4893
2184;1405.9;1410.9106
2185;1187.85;1180.019
2186;1076.1;1076.7151
2187;1571.2;1575.1558
2188;1216.54;1220.2087
2189;1404.95;1433.4468
2190;1236.3;1234.7246
2191;1377.739653;1374.5325
2192;1015.8;1011.8838
2193;1289.9;1310.586
2194;1418.46;1446.2305
2195;1467.33;1462.572
2196;1430.09;1436.8683
2197;1337.6;1349.4348
2198;1257.86;1248.5042
2199;1438.85;1446.109
2200;1459.11;1466.7792
2201;1418.84;1409.4025
2202;1102.02;1085.3936
2203;1260.21;1252.6705
2204;1092.29;1091.0308
2205;1375.97;1372.3978
2206;1271.8;1279.2312
2207;1095.75;1094.1466
2208;1286.82;1284.1997
2209;1407.89;1408.5331
2210;1204.87;1205.5286
2211;1330.63;1324.0237
2212;1489.01;1496.7454
2213;1348.41;1350.7828
2214;1318.292337;1317.8105
2215;1252.7;1251.9773
2216;1231.19;1236.3066
2217;1362.23;1360.6609
2218;1209.21;1210.0146
2219;1371.463632;1381.581
2220;1086.54;1083.1633
2221;1260.55;1253.6199
2222;1378.59;1370.4321
2223;1403.7;1404.4225
2224;1053.4;1036.5708
2225;1325.5;1339.6334
2226;1023.86;1018.4031
2227;1214.92;1216.7703
2228;1513.35;1526.3693
2229;1222.29;1226.2601
